task,what,est,ci_lo,ci_hi
hate_speech,acc Llama 3.3 70B,72.16666666666666,66.33333333333334,77.66666666666666
hate_speech,acc Llama 3.1 8B,71.5,66.0,76.83333333333334
hate_speech,gap 70B-8B (pts),0.6666666666666599,-2.8333333333333433,4.166666666666674
sentiment,acc Llama 3.3 70B,65.0,59.166666666666664,70.5
sentiment,acc Llama 3.1 8B,61.999999999999986,55.666666666666664,68.0
sentiment,gap 70B-8B (pts),3.0000000000000138,-1.1666666666666714,7.337499999999952
stance_climate,acc Llama 3.3 70B,82.44575936883628,77.12031558185404,87.17948717948718
stance_climate,acc Llama 3.1 8B,55.4240631163708,48.91025641025641,61.932938856015774
stance_climate,gap 70B-8B (pts),27.02169625246548,20.90729783037475,33.333333333333314
