task,model,prompt,gold,predicted,count
hate_speech,Llama 3.1 8B,A_simple,hateful,hateful,84
hate_speech,Llama 3.1 8B,A_simple,hateful,not_hateful,3
hate_speech,Llama 3.1 8B,A_simple,not_hateful,hateful,61
hate_speech,Llama 3.1 8B,A_simple,not_hateful,not_hateful,52
hate_speech,Llama 3.1 8B,B_role,hateful,hateful,69
hate_speech,Llama 3.1 8B,B_role,hateful,not_hateful,18
hate_speech,Llama 3.1 8B,B_role,not_hateful,hateful,35
hate_speech,Llama 3.1 8B,B_role,not_hateful,not_hateful,78
hate_speech,Llama 3.1 8B,C_codebook,hateful,hateful,80
hate_speech,Llama 3.1 8B,C_codebook,hateful,not_hateful,7
hate_speech,Llama 3.1 8B,C_codebook,not_hateful,hateful,47
hate_speech,Llama 3.1 8B,C_codebook,not_hateful,not_hateful,66
hate_speech,Llama 3.3 70B,A_simple,hateful,hateful,77
hate_speech,Llama 3.3 70B,A_simple,hateful,not_hateful,10
hate_speech,Llama 3.3 70B,A_simple,not_hateful,hateful,47
hate_speech,Llama 3.3 70B,A_simple,not_hateful,not_hateful,66
hate_speech,Llama 3.3 70B,B_role,hateful,hateful,79
hate_speech,Llama 3.3 70B,B_role,hateful,not_hateful,8
hate_speech,Llama 3.3 70B,B_role,not_hateful,hateful,49
hate_speech,Llama 3.3 70B,B_role,not_hateful,not_hateful,64
hate_speech,Llama 3.3 70B,C_codebook,hateful,hateful,67
hate_speech,Llama 3.3 70B,C_codebook,hateful,not_hateful,20
hate_speech,Llama 3.3 70B,C_codebook,not_hateful,hateful,33
hate_speech,Llama 3.3 70B,C_codebook,not_hateful,not_hateful,80
sentiment,Llama 3.1 8B,A_simple,negative,negative,63
sentiment,Llama 3.1 8B,A_simple,negative,neutral,7
sentiment,Llama 3.1 8B,A_simple,negative,positive,4
sentiment,Llama 3.1 8B,A_simple,neutral,negative,35
sentiment,Llama 3.1 8B,A_simple,neutral,neutral,37
sentiment,Llama 3.1 8B,A_simple,neutral,positive,22
sentiment,Llama 3.1 8B,A_simple,positive,negative,3
sentiment,Llama 3.1 8B,A_simple,positive,neutral,9
sentiment,Llama 3.1 8B,A_simple,positive,positive,20
sentiment,Llama 3.1 8B,B_role,negative,negative,67
sentiment,Llama 3.1 8B,B_role,negative,neutral,4
sentiment,Llama 3.1 8B,B_role,negative,positive,3
sentiment,Llama 3.1 8B,B_role,neutral,negative,39
sentiment,Llama 3.1 8B,B_role,neutral,neutral,43
sentiment,Llama 3.1 8B,B_role,neutral,positive,12
sentiment,Llama 3.1 8B,B_role,positive,negative,4
sentiment,Llama 3.1 8B,B_role,positive,neutral,12
sentiment,Llama 3.1 8B,B_role,positive,positive,16
sentiment,Llama 3.1 8B,C_codebook,negative,negative,68
sentiment,Llama 3.1 8B,C_codebook,negative,neutral,2
sentiment,Llama 3.1 8B,C_codebook,negative,positive,4
sentiment,Llama 3.1 8B,C_codebook,neutral,negative,36
sentiment,Llama 3.1 8B,C_codebook,neutral,neutral,36
sentiment,Llama 3.1 8B,C_codebook,neutral,positive,22
sentiment,Llama 3.1 8B,C_codebook,positive,negative,3
sentiment,Llama 3.1 8B,C_codebook,positive,neutral,7
sentiment,Llama 3.1 8B,C_codebook,positive,positive,22
sentiment,Llama 3.3 70B,A_simple,negative,negative,53
sentiment,Llama 3.3 70B,A_simple,negative,neutral,16
sentiment,Llama 3.3 70B,A_simple,negative,positive,5
sentiment,Llama 3.3 70B,A_simple,neutral,negative,19
sentiment,Llama 3.3 70B,A_simple,neutral,neutral,57
sentiment,Llama 3.3 70B,A_simple,neutral,positive,18
sentiment,Llama 3.3 70B,A_simple,positive,negative,2
sentiment,Llama 3.3 70B,A_simple,positive,neutral,6
sentiment,Llama 3.3 70B,A_simple,positive,positive,24
sentiment,Llama 3.3 70B,B_role,negative,negative,65
sentiment,Llama 3.3 70B,B_role,negative,neutral,2
sentiment,Llama 3.3 70B,B_role,negative,positive,7
sentiment,Llama 3.3 70B,B_role,neutral,negative,39
sentiment,Llama 3.3 70B,B_role,neutral,neutral,26
sentiment,Llama 3.3 70B,B_role,neutral,positive,29
sentiment,Llama 3.3 70B,B_role,positive,negative,4
sentiment,Llama 3.3 70B,B_role,positive,neutral,2
sentiment,Llama 3.3 70B,B_role,positive,positive,26
sentiment,Llama 3.3 70B,C_codebook,negative,negative,67
sentiment,Llama 3.3 70B,C_codebook,negative,neutral,4
sentiment,Llama 3.3 70B,C_codebook,negative,positive,3
sentiment,Llama 3.3 70B,C_codebook,neutral,negative,29
sentiment,Llama 3.3 70B,C_codebook,neutral,neutral,48
sentiment,Llama 3.3 70B,C_codebook,neutral,positive,17
sentiment,Llama 3.3 70B,C_codebook,positive,negative,4
sentiment,Llama 3.3 70B,C_codebook,positive,neutral,4
sentiment,Llama 3.3 70B,C_codebook,positive,positive,24
stance_climate,Llama 3.1 8B,A_simple,against,against,11
stance_climate,Llama 3.1 8B,A_simple,against,favor,0
stance_climate,Llama 3.1 8B,A_simple,against,none,0
stance_climate,Llama 3.1 8B,A_simple,favor,against,24
stance_climate,Llama 3.1 8B,A_simple,favor,favor,55
stance_climate,Llama 3.1 8B,A_simple,favor,none,44
stance_climate,Llama 3.1 8B,A_simple,none,against,7
stance_climate,Llama 3.1 8B,A_simple,none,favor,0
stance_climate,Llama 3.1 8B,A_simple,none,none,28
stance_climate,Llama 3.1 8B,B_role,against,against,10
stance_climate,Llama 3.1 8B,B_role,against,favor,0
stance_climate,Llama 3.1 8B,B_role,against,none,1
stance_climate,Llama 3.1 8B,B_role,favor,against,14
stance_climate,Llama 3.1 8B,B_role,favor,favor,56
stance_climate,Llama 3.1 8B,B_role,favor,none,53
stance_climate,Llama 3.1 8B,B_role,none,against,3
stance_climate,Llama 3.1 8B,B_role,none,favor,2
stance_climate,Llama 3.1 8B,B_role,none,none,30
stance_climate,Llama 3.1 8B,C_codebook,against,against,8
stance_climate,Llama 3.1 8B,C_codebook,against,favor,0
stance_climate,Llama 3.1 8B,C_codebook,against,none,3
stance_climate,Llama 3.1 8B,C_codebook,favor,against,4
stance_climate,Llama 3.1 8B,C_codebook,favor,favor,49
stance_climate,Llama 3.1 8B,C_codebook,favor,none,70
stance_climate,Llama 3.1 8B,C_codebook,none,against,0
stance_climate,Llama 3.1 8B,C_codebook,none,favor,1
stance_climate,Llama 3.1 8B,C_codebook,none,none,34
stance_climate,Llama 3.3 70B,A_simple,against,against,11
stance_climate,Llama 3.3 70B,A_simple,against,favor,0
stance_climate,Llama 3.3 70B,A_simple,against,none,0
stance_climate,Llama 3.3 70B,A_simple,favor,against,5
stance_climate,Llama 3.3 70B,A_simple,favor,favor,96
stance_climate,Llama 3.3 70B,A_simple,favor,none,22
stance_climate,Llama 3.3 70B,A_simple,none,against,2
stance_climate,Llama 3.3 70B,A_simple,none,favor,5
stance_climate,Llama 3.3 70B,A_simple,none,none,28
stance_climate,Llama 3.3 70B,B_role,against,against,11
stance_climate,Llama 3.3 70B,B_role,against,favor,0
stance_climate,Llama 3.3 70B,B_role,against,none,0
stance_climate,Llama 3.3 70B,B_role,favor,against,3
stance_climate,Llama 3.3 70B,B_role,favor,favor,97
stance_climate,Llama 3.3 70B,B_role,favor,none,23
stance_climate,Llama 3.3 70B,B_role,none,against,3
stance_climate,Llama 3.3 70B,B_role,none,favor,5
stance_climate,Llama 3.3 70B,B_role,none,none,27
stance_climate,Llama 3.3 70B,C_codebook,against,against,11
stance_climate,Llama 3.3 70B,C_codebook,against,favor,0
stance_climate,Llama 3.3 70B,C_codebook,against,none,0
stance_climate,Llama 3.3 70B,C_codebook,favor,against,1
stance_climate,Llama 3.3 70B,C_codebook,favor,favor,106
stance_climate,Llama 3.3 70B,C_codebook,favor,none,16
stance_climate,Llama 3.3 70B,C_codebook,none,against,0
stance_climate,Llama 3.3 70B,C_codebook,none,favor,4
stance_climate,Llama 3.3 70B,C_codebook,none,none,31
