task,prompt,n,acc_70B,acc_8B,diff_pts,only70B_right,only8B_right,p_raw,p_holm,sig_holm_.05
hate_speech,A_simple,200,0.715,0.68,3.499999999999992,18,11,0.26493089646101,0.8882112806240912,False
hate_speech,B_role,200,0.715,0.735,-2.0000000000000018,14,18,0.5966148958541453,1.0,False
hate_speech,C_codebook,200,0.735,0.73,0.5000000000000004,17,16,1.0,1.0,False
sentiment,A_simple,200,0.67,0.6,7.000000000000006,30,16,0.054076031858869555,0.2703801592943478,False
sentiment,B_role,200,0.585,0.63,-4.5000000000000036,17,26,0.2220528201560228,0.8882112806240912,False
sentiment,C_codebook,200,0.695,0.63,6.499999999999995,20,7,0.0191572904586792,0.1149437427520752,False
stance_climate,A_simple,169,0.7988165680473372,0.5562130177514792,24.2603550295858,44,3,2.4647306418046355e-10,1.9717845134437084e-09,True
stance_climate,B_role,169,0.7988165680473372,0.5680473372781065,23.076923076923073,47,8,8.067609591488889e-08,5.647326714042222e-07,True
stance_climate,C_codebook,169,0.8757396449704142,0.5384615384615384,33.72781065088758,60,3,9.048317650695026e-15,8.143485885625523e-14,True
