task,tweet_id,gold_label,pred_original_order,pred_reversed_order,flipped
sentiment,11498,negative,negative,negative,False
sentiment,6482,negative,neutral,positive,True
sentiment,9863,neutral,neutral,positive,True
sentiment,12135,positive,positive,positive,False
sentiment,5947,negative,negative,negative,False
sentiment,409,positive,positive,positive,False
sentiment,10532,neutral,neutral,neutral,False
sentiment,11946,neutral,negative,negative,False
sentiment,11543,positive,neutral,neutral,False
sentiment,5925,neutral,neutral,neutral,False
sentiment,525,positive,positive,positive,False
sentiment,2677,negative,neutral,neutral,False
sentiment,2266,negative,neutral,neutral,False
sentiment,3150,neutral,positive,positive,False
sentiment,8689,positive,positive,positive,False
sentiment,8669,negative,neutral,neutral,False
sentiment,9195,negative,negative,negative,False
sentiment,4422,neutral,neutral,neutral,False
sentiment,9763,neutral,neutral,neutral,False
sentiment,6224,negative,negative,negative,False
sentiment,8317,neutral,neutral,neutral,False
sentiment,8348,neutral,negative,negative,False
sentiment,1796,neutral,negative,negative,False
sentiment,1654,positive,negative,neutral,True
sentiment,2646,neutral,negative,negative,False
sentiment,7123,negative,neutral,neutral,False
sentiment,11274,neutral,neutral,neutral,False
sentiment,3923,negative,neutral,negative,True
sentiment,5168,neutral,neutral,neutral,False
sentiment,2927,neutral,neutral,negative,True
sentiment,6201,neutral,positive,positive,False
sentiment,916,negative,negative,negative,False
sentiment,11808,negative,negative,negative,False
sentiment,10980,positive,positive,positive,False
sentiment,4339,neutral,neutral,neutral,False
sentiment,4374,positive,positive,positive,False
sentiment,4040,neutral,neutral,neutral,False
sentiment,9977,negative,negative,negative,False
sentiment,2664,positive,neutral,neutral,False
sentiment,5155,positive,positive,positive,False
sentiment,8830,neutral,positive,positive,False
sentiment,9197,neutral,neutral,neutral,False
sentiment,4803,neutral,neutral,neutral,False
sentiment,7517,negative,negative,negative,False
sentiment,10647,negative,positive,positive,False
sentiment,4552,negative,negative,negative,False
sentiment,1519,neutral,neutral,neutral,False
sentiment,5310,positive,neutral,positive,True
sentiment,3611,neutral,neutral,neutral,False
sentiment,7668,neutral,neutral,neutral,False
sentiment,7359,negative,negative,negative,False
sentiment,1424,neutral,positive,positive,False
sentiment,3483,neutral,positive,positive,False
sentiment,10415,negative,negative,negative,False
sentiment,12239,neutral,negative,negative,False
sentiment,11490,negative,negative,negative,False
sentiment,1535,neutral,positive,positive,False
sentiment,1489,negative,negative,negative,False
sentiment,9560,positive,negative,negative,False
sentiment,7573,neutral,negative,negative,False
hate_speech,1728,hateful,hateful,hateful,False
hate_speech,634,not_hateful,not_hateful,not_hateful,False
hate_speech,1634,hateful,hateful,hateful,False
hate_speech,676,hateful,hateful,hateful,False
hate_speech,32,hateful,hateful,hateful,False
hate_speech,350,hateful,not_hateful,not_hateful,False
hate_speech,777,not_hateful,hateful,hateful,False
hate_speech,207,not_hateful,not_hateful,not_hateful,False
hate_speech,2699,not_hateful,not_hateful,not_hateful,False
hate_speech,779,hateful,hateful,hateful,False
hate_speech,1552,not_hateful,hateful,hateful,False
hate_speech,2214,hateful,hateful,hateful,False
hate_speech,328,not_hateful,not_hateful,not_hateful,False
hate_speech,397,hateful,hateful,hateful,False
hate_speech,646,hateful,hateful,hateful,False
hate_speech,2692,hateful,hateful,hateful,False
hate_speech,2661,not_hateful,not_hateful,not_hateful,False
hate_speech,968,not_hateful,not_hateful,not_hateful,False
hate_speech,335,not_hateful,not_hateful,not_hateful,False
hate_speech,276,not_hateful,hateful,hateful,False
hate_speech,300,hateful,hateful,hateful,False
hate_speech,761,not_hateful,hateful,hateful,False
hate_speech,2765,not_hateful,hateful,hateful,False
hate_speech,2676,not_hateful,not_hateful,not_hateful,False
hate_speech,1513,not_hateful,not_hateful,not_hateful,False
hate_speech,2643,not_hateful,hateful,hateful,False
hate_speech,1664,hateful,hateful,hateful,False
hate_speech,2271,hateful,hateful,hateful,False
hate_speech,8,not_hateful,not_hateful,not_hateful,False
hate_speech,409,hateful,hateful,hateful,False
hate_speech,2338,hateful,hateful,hateful,False
hate_speech,240,not_hateful,not_hateful,not_hateful,False
hate_speech,1068,not_hateful,not_hateful,not_hateful,False
hate_speech,1837,hateful,hateful,hateful,False
hate_speech,239,not_hateful,not_hateful,hateful,True
hate_speech,574,hateful,hateful,hateful,False
hate_speech,2220,hateful,hateful,hateful,False
hate_speech,1429,not_hateful,not_hateful,not_hateful,False
hate_speech,447,not_hateful,not_hateful,hateful,True
hate_speech,2276,not_hateful,not_hateful,not_hateful,False
hate_speech,234,not_hateful,not_hateful,not_hateful,False
hate_speech,1284,not_hateful,hateful,hateful,False
hate_speech,995,hateful,hateful,hateful,False
hate_speech,1215,not_hateful,not_hateful,not_hateful,False
hate_speech,2119,hateful,hateful,hateful,False
hate_speech,29,not_hateful,hateful,hateful,False
hate_speech,937,hateful,hateful,hateful,False
hate_speech,1239,hateful,hateful,hateful,False
hate_speech,920,not_hateful,not_hateful,hateful,True
hate_speech,1717,not_hateful,not_hateful,not_hateful,False
hate_speech,262,not_hateful,hateful,hateful,False
hate_speech,2161,not_hateful,not_hateful,not_hateful,False
hate_speech,2711,hateful,hateful,hateful,False
hate_speech,1649,not_hateful,not_hateful,hateful,True
hate_speech,2392,not_hateful,not_hateful,hateful,True
hate_speech,1849,hateful,hateful,hateful,False
hate_speech,2825,not_hateful,not_hateful,not_hateful,False
hate_speech,2437,not_hateful,hateful,hateful,False
hate_speech,2175,hateful,hateful,hateful,False
hate_speech,60,not_hateful,not_hateful,not_hateful,False
stance_climate,71,favor,favor,favor,False
stance_climate,98,none,none,none,False
stance_climate,142,favor,favor,favor,False
stance_climate,40,favor,none,none,False
stance_climate,121,favor,favor,favor,False
stance_climate,119,favor,none,none,False
stance_climate,36,favor,favor,favor,False
stance_climate,152,favor,none,favor,True
stance_climate,24,favor,favor,favor,False
stance_climate,140,favor,favor,favor,False
stance_climate,157,against,against,against,False
stance_climate,165,favor,favor,favor,False
stance_climate,76,favor,favor,favor,False
stance_climate,160,favor,none,favor,True
stance_climate,102,none,none,none,False
stance_climate,134,favor,favor,favor,False
stance_climate,90,favor,favor,favor,False
stance_climate,107,favor,favor,favor,False
stance_climate,106,favor,favor,favor,False
stance_climate,162,none,none,against,True
stance_climate,166,favor,favor,favor,False
stance_climate,146,against,against,against,False
stance_climate,97,favor,favor,favor,False
stance_climate,80,favor,favor,favor,False
stance_climate,63,favor,none,none,False
stance_climate,132,none,none,against,True
stance_climate,38,none,none,none,False
stance_climate,65,favor,none,none,False
stance_climate,110,none,none,none,False
stance_climate,118,none,favor,favor,False
stance_climate,33,favor,favor,favor,False
stance_climate,91,favor,favor,favor,False
stance_climate,87,favor,favor,favor,False
stance_climate,4,favor,none,none,False
stance_climate,131,favor,favor,favor,False
stance_climate,58,none,none,none,False
stance_climate,101,favor,favor,favor,False
stance_climate,148,favor,favor,favor,False
stance_climate,112,favor,favor,favor,False
stance_climate,32,favor,favor,favor,False
stance_climate,109,against,against,against,False
stance_climate,83,favor,none,none,False
stance_climate,22,favor,favor,favor,False
stance_climate,55,none,none,none,False
stance_climate,88,favor,favor,favor,False
stance_climate,141,favor,favor,favor,False
stance_climate,13,favor,favor,favor,False
stance_climate,3,none,none,none,False
stance_climate,161,none,none,none,False
stance_climate,150,favor,favor,favor,False
stance_climate,153,favor,favor,favor,False
stance_climate,31,none,none,none,False
stance_climate,96,favor,none,none,False
stance_climate,46,none,none,none,False
stance_climate,93,favor,favor,favor,False
stance_climate,18,favor,none,none,False
stance_climate,138,favor,favor,favor,False
stance_climate,6,favor,favor,favor,False
stance_climate,0,none,none,none,False
stance_climate,47,favor,favor,favor,False
