task,tweet_id,gold_label,Llama 3.1 8B|A_simple,Llama 3.1 8B|B_role,Llama 3.1 8B|C_codebook,Llama 3.3 70B|A_simple,Llama 3.3 70B|B_role,Llama 3.3 70B|C_codebook
hate_speech,8,not_hateful,not_hateful,not_hateful,not_hateful,not_hateful,not_hateful,not_hateful
hate_speech,29,not_hateful,hateful,hateful,hateful,hateful,not_hateful,not_hateful
hate_speech,32,hateful,hateful,hateful,hateful,hateful,hateful,hateful
hate_speech,38,hateful,hateful,not_hateful,not_hateful,not_hateful,not_hateful,not_hateful
hate_speech,60,not_hateful,not_hateful,not_hateful,not_hateful,not_hateful,not_hateful,not_hateful
hate_speech,86,hateful,hateful,not_hateful,not_hateful,hateful,hateful,hateful
hate_speech,128,not_hateful,not_hateful,not_hateful,not_hateful,not_hateful,not_hateful,not_hateful
hate_speech,162,hateful,hateful,not_hateful,hateful,hateful,hateful,not_hateful
hate_speech,205,hateful,hateful,not_hateful,hateful,not_hateful,not_hateful,not_hateful
hate_speech,207,not_hateful,not_hateful,not_hateful,not_hateful,not_hateful,not_hateful,not_hateful
hate_speech,221,hateful,hateful,hateful,hateful,hateful,hateful,hateful
hate_speech,232,not_hateful,hateful,hateful,hateful,hateful,hateful,hateful
hate_speech,234,not_hateful,not_hateful,not_hateful,not_hateful,not_hateful,not_hateful,not_hateful
hate_speech,239,not_hateful,hateful,not_hateful,not_hateful,not_hateful,not_hateful,not_hateful
hate_speech,240,not_hateful,not_hateful,not_hateful,not_hateful,not_hateful,not_hateful,not_hateful
hate_speech,241,not_hateful,not_hateful,not_hateful,not_hateful,not_hateful,not_hateful,not_hateful
hate_speech,248,hateful,hateful,hateful,hateful,hateful,hateful,hateful
hate_speech,249,hateful,hateful,not_hateful,hateful,hateful,hateful,hateful
hate_speech,262,not_hateful,hateful,not_hateful,hateful,hateful,hateful,not_hateful
hate_speech,276,not_hateful,hateful,hateful,hateful,hateful,hateful,hateful
hate_speech,278,hateful,hateful,not_hateful,hateful,hateful,hateful,not_hateful
hate_speech,280,not_hateful,not_hateful,not_hateful,not_hateful,not_hateful,not_hateful,not_hateful
hate_speech,281,hateful,hateful,not_hateful,not_hateful,not_hateful,not_hateful,not_hateful
hate_speech,283,not_hateful,hateful,hateful,hateful,hateful,hateful,hateful
hate_speech,290,hateful,hateful,hateful,hateful,hateful,hateful,hateful
hate_speech,297,not_hateful,not_hateful,not_hateful,hateful,hateful,hateful,not_hateful
hate_speech,300,hateful,hateful,hateful,hateful,hateful,hateful,hateful
hate_speech,308,hateful,hateful,not_hateful,hateful,hateful,hateful,not_hateful
hate_speech,322,not_hateful,hateful,hateful,not_hateful,not_hateful,not_hateful,not_hateful
hate_speech,328,not_hateful,not_hateful,not_hateful,not_hateful,not_hateful,hateful,not_hateful
hate_speech,335,not_hateful,not_hateful,not_hateful,not_hateful,not_hateful,not_hateful,not_hateful
hate_speech,350,hateful,not_hateful,not_hateful,not_hateful,not_hateful,not_hateful,not_hateful
hate_speech,382,hateful,hateful,not_hateful,hateful,hateful,hateful,not_hateful
hate_speech,386,hateful,hateful,hateful,hateful,not_hateful,hateful,hateful
hate_speech,397,hateful,hateful,hateful,hateful,hateful,hateful,hateful
hate_speech,401,hateful,hateful,hateful,hateful,hateful,hateful,hateful
hate_speech,403,hateful,hateful,hateful,hateful,hateful,hateful,hateful
hate_speech,409,hateful,hateful,hateful,hateful,hateful,hateful,hateful
hate_speech,447,not_hateful,not_hateful,not_hateful,not_hateful,not_hateful,hateful,not_hateful
hate_speech,491,hateful,hateful,hateful,hateful,hateful,hateful,hateful
hate_speech,495,hateful,hateful,hateful,hateful,hateful,hateful,hateful
hate_speech,515,hateful,hateful,hateful,hateful,hateful,hateful,hateful
hate_speech,525,hateful,hateful,hateful,hateful,hateful,hateful,hateful
hate_speech,536,not_hateful,hateful,hateful,hateful,hateful,hateful,hateful
hate_speech,541,hateful,hateful,hateful,hateful,hateful,hateful,hateful
hate_speech,542,not_hateful,hateful,hateful,hateful,hateful,hateful,hateful
hate_speech,574,hateful,hateful,hateful,hateful,hateful,hateful,not_hateful
hate_speech,634,not_hateful,not_hateful,not_hateful,not_hateful,not_hateful,not_hateful,not_hateful
hate_speech,644,hateful,hateful,hateful,hateful,hateful,hateful,hateful
hate_speech,646,hateful,hateful,not_hateful,hateful,hateful,hateful,hateful
hate_speech,674,hateful,hateful,hateful,hateful,hateful,hateful,not_hateful
hate_speech,676,hateful,hateful,hateful,hateful,hateful,hateful,hateful
hate_speech,681,not_hateful,not_hateful,not_hateful,not_hateful,not_hateful,hateful,not_hateful
hate_speech,751,hateful,hateful,hateful,hateful,hateful,hateful,hateful
hate_speech,761,not_hateful,hateful,hateful,hateful,hateful,hateful,hateful
hate_speech,777,not_hateful,hateful,hateful,hateful,hateful,hateful,hateful
hate_speech,779,hateful,hateful,hateful,hateful,hateful,hateful,hateful
hate_speech,784,not_hateful,hateful,not_hateful,hateful,not_hateful,not_hateful,not_hateful
hate_speech,823,hateful,hateful,hateful,hateful,hateful,hateful,hateful
hate_speech,836,not_hateful,hateful,hateful,hateful,hateful,hateful,hateful
hate_speech,867,not_hateful,hateful,not_hateful,not_hateful,not_hateful,not_hateful,not_hateful
hate_speech,873,not_hateful,not_hateful,not_hateful,not_hateful,not_hateful,not_hateful,not_hateful
hate_speech,875,hateful,hateful,hateful,hateful,hateful,hateful,not_hateful
hate_speech,877,hateful,hateful,not_hateful,hateful,not_hateful,not_hateful,not_hateful
hate_speech,891,not_hateful,hateful,hateful,hateful,hateful,hateful,hateful
hate_speech,902,hateful,hateful,hateful,hateful,not_hateful,not_hateful,not_hateful
hate_speech,920,not_hateful,hateful,not_hateful,not_hateful,not_hateful,not_hateful,not_hateful
hate_speech,937,hateful,hateful,hateful,hateful,hateful,hateful,hateful
hate_speech,942,not_hateful,not_hateful,not_hateful,not_hateful,not_hateful,not_hateful,not_hateful
hate_speech,963,hateful,hateful,hateful,hateful,hateful,hateful,hateful
hate_speech,968,not_hateful,not_hateful,not_hateful,not_hateful,not_hateful,not_hateful,not_hateful
hate_speech,974,not_hateful,hateful,not_hateful,not_hateful,hateful,hateful,not_hateful
hate_speech,977,not_hateful,not_hateful,not_hateful,not_hateful,not_hateful,not_hateful,not_hateful
hate_speech,995,hateful,hateful,hateful,hateful,hateful,hateful,hateful
hate_speech,1000,not_hateful,hateful,hateful,hateful,hateful,hateful,hateful
hate_speech,1008,hateful,hateful,not_hateful,hateful,not_hateful,hateful,not_hateful
hate_speech,1015,hateful,not_hateful,not_hateful,not_hateful,not_hateful,not_hateful,not_hateful
hate_speech,1018,hateful,hateful,hateful,hateful,hateful,hateful,not_hateful
hate_speech,1023,hateful,hateful,hateful,hateful,hateful,hateful,hateful
hate_speech,1068,not_hateful,hateful,hateful,hateful,not_hateful,not_hateful,not_hateful
hate_speech,1085,hateful,hateful,hateful,hateful,hateful,hateful,hateful
hate_speech,1086,hateful,hateful,hateful,hateful,hateful,hateful,hateful
hate_speech,1087,not_hateful,not_hateful,not_hateful,not_hateful,not_hateful,not_hateful,not_hateful
hate_speech,1140,not_hateful,not_hateful,not_hateful,not_hateful,hateful,hateful,hateful
hate_speech,1167,not_hateful,hateful,hateful,hateful,hateful,hateful,hateful
hate_speech,1168,not_hateful,hateful,hateful,hateful,hateful,hateful,hateful
hate_speech,1215,not_hateful,not_hateful,not_hateful,not_hateful,not_hateful,not_hateful,not_hateful
hate_speech,1226,hateful,hateful,hateful,hateful,hateful,hateful,not_hateful
hate_speech,1228,hateful,hateful,hateful,hateful,hateful,hateful,hateful
hate_speech,1239,hateful,hateful,not_hateful,not_hateful,hateful,hateful,hateful
hate_speech,1276,not_hateful,hateful,not_hateful,not_hateful,hateful,hateful,not_hateful
hate_speech,1284,not_hateful,hateful,hateful,hateful,hateful,hateful,hateful
hate_speech,1286,not_hateful,not_hateful,not_hateful,not_hateful,not_hateful,not_hateful,not_hateful
hate_speech,1295,not_hateful,hateful,hateful,hateful,hateful,hateful,hateful
hate_speech,1353,not_hateful,hateful,hateful,hateful,hateful,hateful,hateful
hate_speech,1384,not_hateful,hateful,hateful,hateful,hateful,hateful,hateful
hate_speech,1389,hateful,hateful,hateful,hateful,hateful,hateful,hateful
hate_speech,1429,not_hateful,hateful,not_hateful,not_hateful,not_hateful,not_hateful,not_hateful
hate_speech,1451,hateful,hateful,hateful,hateful,hateful,hateful,hateful
hate_speech,1513,not_hateful,not_hateful,not_hateful,hateful,not_hateful,not_hateful,not_hateful
hate_speech,1529,not_hateful,not_hateful,not_hateful,not_hateful,not_hateful,not_hateful,not_hateful
hate_speech,1552,not_hateful,hateful,hateful,hateful,hateful,hateful,hateful
hate_speech,1599,hateful,hateful,hateful,hateful,hateful,hateful,hateful
hate_speech,1621,not_hateful,hateful,not_hateful,not_hateful,not_hateful,not_hateful,not_hateful
hate_speech,1634,hateful,hateful,hateful,hateful,hateful,hateful,hateful
hate_speech,1642,not_hateful,hateful,not_hateful,hateful,hateful,hateful,not_hateful
hate_speech,1649,not_hateful,not_hateful,not_hateful,not_hateful,not_hateful,not_hateful,not_hateful
hate_speech,1653,hateful,hateful,hateful,hateful,hateful,hateful,hateful
hate_speech,1664,hateful,hateful,hateful,hateful,hateful,hateful,hateful
hate_speech,1667,not_hateful,hateful,not_hateful,not_hateful,not_hateful,hateful,not_hateful
hate_speech,1683,hateful,hateful,hateful,hateful,hateful,hateful,hateful
hate_speech,1717,not_hateful,not_hateful,not_hateful,not_hateful,not_hateful,not_hateful,not_hateful
hate_speech,1728,hateful,hateful,hateful,hateful,hateful,hateful,hateful
hate_speech,1732,hateful,hateful,hateful,hateful,hateful,hateful,hateful
hate_speech,1733,not_hateful,not_hateful,not_hateful,not_hateful,not_hateful,not_hateful,not_hateful
hate_speech,1734,not_hateful,not_hateful,not_hateful,not_hateful,not_hateful,not_hateful,not_hateful
hate_speech,1765,not_hateful,not_hateful,not_hateful,not_hateful,not_hateful,hateful,not_hateful
hate_speech,1794,not_hateful,hateful,hateful,hateful,hateful,hateful,hateful
hate_speech,1815,not_hateful,not_hateful,not_hateful,not_hateful,hateful,hateful,not_hateful
hate_speech,1837,hateful,hateful,not_hateful,hateful,hateful,hateful,hateful
hate_speech,1849,hateful,hateful,hateful,hateful,hateful,hateful,hateful
hate_speech,1863,hateful,hateful,hateful,hateful,hateful,hateful,hateful
hate_speech,1872,hateful,hateful,hateful,hateful,hateful,hateful,not_hateful
hate_speech,1877,hateful,hateful,hateful,hateful,hateful,hateful,hateful
hate_speech,1894,not_hateful,hateful,hateful,hateful,hateful,hateful,hateful
hate_speech,1912,not_hateful,hateful,not_hateful,not_hateful,not_hateful,not_hateful,not_hateful
hate_speech,1936,not_hateful,not_hateful,not_hateful,not_hateful,not_hateful,not_hateful,not_hateful
hate_speech,1937,not_hateful,not_hateful,not_hateful,not_hateful,not_hateful,not_hateful,not_hateful
hate_speech,1946,not_hateful,hateful,not_hateful,hateful,not_hateful,not_hateful,not_hateful
hate_speech,1952,hateful,hateful,hateful,hateful,hateful,hateful,hateful
hate_speech,1971,not_hateful,hateful,hateful,hateful,hateful,hateful,hateful
hate_speech,1988,not_hateful,not_hateful,not_hateful,not_hateful,hateful,hateful,not_hateful
hate_speech,1989,not_hateful,not_hateful,not_hateful,not_hateful,not_hateful,not_hateful,not_hateful
hate_speech,1990,hateful,hateful,hateful,hateful,hateful,hateful,hateful
hate_speech,1993,hateful,hateful,hateful,hateful,hateful,hateful,hateful
hate_speech,2059,not_hateful,hateful,not_hateful,hateful,not_hateful,not_hateful,not_hateful
hate_speech,2072,not_hateful,not_hateful,not_hateful,not_hateful,not_hateful,not_hateful,not_hateful
hate_speech,2080,hateful,hateful,hateful,hateful,hateful,hateful,hateful
hate_speech,2105,not_hateful,hateful,not_hateful,hateful,not_hateful,not_hateful,not_hateful
hate_speech,2119,hateful,hateful,hateful,hateful,hateful,hateful,hateful
hate_speech,2141,not_hateful,hateful,hateful,hateful,hateful,hateful,hateful
hate_speech,2161,not_hateful,not_hateful,not_hateful,not_hateful,not_hateful,not_hateful,not_hateful
hate_speech,2166,not_hateful,not_hateful,not_hateful,not_hateful,not_hateful,not_hateful,not_hateful
hate_speech,2175,hateful,hateful,hateful,hateful,hateful,hateful,hateful
hate_speech,2181,not_hateful,not_hateful,not_hateful,not_hateful,not_hateful,not_hateful,not_hateful
hate_speech,2196,not_hateful,hateful,hateful,hateful,hateful,hateful,hateful
hate_speech,2202,not_hateful,hateful,not_hateful,hateful,hateful,hateful,not_hateful
hate_speech,2208,not_hateful,hateful,not_hateful,hateful,hateful,not_hateful,not_hateful
hate_speech,2214,hateful,hateful,hateful,hateful,hateful,hateful,hateful
hate_speech,2220,hateful,hateful,hateful,hateful,hateful,hateful,hateful
hate_speech,2225,hateful,hateful,hateful,hateful,hateful,hateful,hateful
hate_speech,2251,not_hateful,hateful,hateful,hateful,hateful,hateful,hateful
hate_speech,2254,not_hateful,not_hateful,not_hateful,not_hateful,not_hateful,not_hateful,not_hateful
hate_speech,2268,hateful,hateful,not_hateful,hateful,hateful,hateful,not_hateful
hate_speech,2271,hateful,hateful,hateful,hateful,hateful,hateful,hateful
hate_speech,2276,not_hateful,not_hateful,not_hateful,not_hateful,not_hateful,not_hateful,not_hateful
hate_speech,2306,hateful,not_hateful,not_hateful,not_hateful,not_hateful,not_hateful,not_hateful
hate_speech,2315,hateful,hateful,hateful,hateful,hateful,hateful,hateful
hate_speech,2323,hateful,hateful,hateful,hateful,hateful,hateful,hateful
hate_speech,2333,not_hateful,not_hateful,not_hateful,not_hateful,not_hateful,not_hateful,not_hateful
hate_speech,2338,hateful,hateful,hateful,hateful,hateful,hateful,hateful
hate_speech,2360,not_hateful,hateful,hateful,hateful,hateful,hateful,not_hateful
hate_speech,2371,not_hateful,not_hateful,not_hateful,not_hateful,not_hateful,not_hateful,not_hateful
hate_speech,2372,not_hateful,hateful,not_hateful,not_hateful,hateful,hateful,not_hateful
hate_speech,2390,hateful,hateful,hateful,hateful,hateful,hateful,hateful
hate_speech,2392,not_hateful,hateful,not_hateful,not_hateful,not_hateful,not_hateful,not_hateful
hate_speech,2409,not_hateful,hateful,hateful,hateful,hateful,hateful,hateful
hate_speech,2410,not_hateful,hateful,hateful,hateful,hateful,hateful,hateful
hate_speech,2435,not_hateful,hateful,not_hateful,not_hateful,not_hateful,not_hateful,not_hateful
hate_speech,2437,not_hateful,hateful,not_hateful,hateful,hateful,not_hateful,not_hateful
hate_speech,2484,hateful,hateful,hateful,hateful,hateful,hateful,hateful
hate_speech,2505,not_hateful,not_hateful,not_hateful,not_hateful,not_hateful,not_hateful,not_hateful
hate_speech,2536,not_hateful,not_hateful,not_hateful,not_hateful,not_hateful,not_hateful,not_hateful
hate_speech,2544,not_hateful,not_hateful,not_hateful,not_hateful,not_hateful,not_hateful,not_hateful
hate_speech,2584,not_hateful,hateful,hateful,hateful,hateful,hateful,hateful
hate_speech,2643,not_hateful,hateful,not_hateful,hateful,hateful,hateful,hateful
hate_speech,2646,not_hateful,hateful,hateful,hateful,hateful,hateful,hateful
hate_speech,2661,not_hateful,hateful,not_hateful,not_hateful,not_hateful,not_hateful,not_hateful
hate_speech,2671,hateful,hateful,hateful,hateful,hateful,hateful,hateful
hate_speech,2676,not_hateful,not_hateful,not_hateful,not_hateful,not_hateful,not_hateful,not_hateful
hate_speech,2678,hateful,hateful,hateful,hateful,hateful,hateful,hateful
hate_speech,2692,hateful,hateful,hateful,hateful,hateful,hateful,hateful
hate_speech,2699,not_hateful,not_hateful,not_hateful,not_hateful,not_hateful,not_hateful,not_hateful
hate_speech,2702,hateful,hateful,hateful,hateful,hateful,hateful,hateful
hate_speech,2711,hateful,hateful,hateful,hateful,hateful,hateful,hateful
hate_speech,2717,not_hateful,hateful,hateful,hateful,hateful,hateful,hateful
hate_speech,2735,not_hateful,not_hateful,not_hateful,not_hateful,not_hateful,not_hateful,not_hateful
hate_speech,2740,not_hateful,hateful,not_hateful,not_hateful,not_hateful,not_hateful,not_hateful
hate_speech,2743,not_hateful,not_hateful,not_hateful,not_hateful,not_hateful,not_hateful,not_hateful
hate_speech,2751,not_hateful,hateful,hateful,hateful,hateful,hateful,hateful
hate_speech,2758,hateful,hateful,hateful,hateful,hateful,hateful,hateful
hate_speech,2765,not_hateful,hateful,hateful,hateful,hateful,hateful,not_hateful
hate_speech,2825,not_hateful,not_hateful,not_hateful,not_hateful,not_hateful,not_hateful,not_hateful
hate_speech,2853,hateful,hateful,hateful,hateful,hateful,hateful,hateful
hate_speech,2881,not_hateful,hateful,not_hateful,not_hateful,not_hateful,not_hateful,not_hateful
hate_speech,2899,not_hateful,hateful,hateful,hateful,hateful,hateful,hateful
hate_speech,2920,hateful,hateful,hateful,hateful,hateful,hateful,hateful
hate_speech,2933,not_hateful,not_hateful,not_hateful,not_hateful,not_hateful,not_hateful,not_hateful
hate_speech,2942,not_hateful,hateful,not_hateful,hateful,hateful,hateful,hateful
hate_speech,2962,not_hateful,not_hateful,not_hateful,not_hateful,not_hateful,not_hateful,not_hateful
sentiment,9,negative,negative,negative,negative,negative,negative,negative
sentiment,53,negative,negative,negative,negative,negative,negative,negative
sentiment,106,neutral,neutral,neutral,neutral,neutral,neutral,neutral
sentiment,188,neutral,neutral,neutral,neutral,neutral,positive,neutral
sentiment,319,negative,negative,negative,negative,neutral,positive,negative
sentiment,409,positive,positive,positive,positive,positive,positive,positive
sentiment,434,positive,positive,neutral,positive,positive,positive,positive
sentiment,488,negative,negative,negative,negative,neutral,negative,negative
sentiment,520,negative,negative,negative,negative,neutral,positive,negative
sentiment,525,positive,positive,positive,positive,positive,positive,positive
sentiment,711,neutral,positive,neutral,neutral,neutral,positive,neutral
sentiment,750,neutral,neutral,neutral,neutral,negative,negative,negative
sentiment,771,negative,negative,negative,negative,negative,negative,negative
sentiment,916,negative,negative,negative,negative,negative,negative,negative
sentiment,949,positive,neutral,neutral,positive,positive,positive,positive
sentiment,1040,neutral,neutral,neutral,neutral,neutral,neutral,neutral
sentiment,1084,negative,negative,negative,negative,negative,negative,negative
sentiment,1139,neutral,negative,negative,neutral,neutral,neutral,neutral
sentiment,1169,negative,negative,negative,negative,negative,negative,negative
sentiment,1291,positive,positive,positive,positive,positive,positive,positive
sentiment,1307,neutral,positive,positive,positive,positive,positive,positive
sentiment,1424,neutral,positive,neutral,neutral,positive,positive,positive
sentiment,1489,negative,negative,negative,negative,negative,negative,negative
sentiment,1519,neutral,neutral,neutral,neutral,neutral,negative,neutral
sentiment,1535,neutral,neutral,neutral,positive,positive,positive,neutral
sentiment,1584,neutral,positive,positive,positive,positive,positive,positive
sentiment,1654,positive,negative,negative,negative,negative,negative,negative
sentiment,1674,neutral,negative,negative,negative,neutral,negative,negative
sentiment,1679,neutral,neutral,neutral,positive,neutral,negative,neutral
sentiment,1743,neutral,neutral,neutral,neutral,neutral,neutral,neutral
sentiment,1796,neutral,negative,negative,negative,negative,negative,negative
sentiment,1824,neutral,neutral,neutral,neutral,neutral,neutral,neutral
sentiment,1827,neutral,positive,positive,positive,neutral,neutral,neutral
sentiment,1832,neutral,negative,negative,negative,negative,negative,negative
sentiment,1876,neutral,negative,negative,negative,negative,negative,negative
sentiment,2045,neutral,negative,negative,negative,negative,negative,negative
sentiment,2266,negative,neutral,neutral,neutral,neutral,neutral,neutral
sentiment,2286,negative,negative,negative,negative,negative,negative,negative
sentiment,2287,negative,negative,negative,negative,negative,negative,negative
sentiment,2340,negative,negative,negative,negative,negative,negative,negative
sentiment,2504,negative,neutral,neutral,negative,neutral,negative,negative
sentiment,2547,positive,positive,negative,positive,positive,positive,positive
sentiment,2591,neutral,neutral,neutral,neutral,neutral,neutral,neutral
sentiment,2615,positive,neutral,neutral,neutral,neutral,neutral,neutral
sentiment,2621,neutral,positive,neutral,positive,positive,positive,positive
sentiment,2646,neutral,negative,negative,negative,negative,negative,negative
sentiment,2664,positive,neutral,neutral,positive,neutral,negative,negative
sentiment,2677,negative,neutral,neutral,positive,neutral,negative,negative
sentiment,2803,neutral,neutral,neutral,neutral,neutral,neutral,neutral
sentiment,2927,neutral,negative,negative,negative,neutral,negative,negative
sentiment,3150,neutral,positive,positive,positive,positive,positive,positive
sentiment,3257,neutral,neutral,neutral,neutral,neutral,positive,neutral
sentiment,3258,negative,negative,negative,negative,negative,negative,negative
sentiment,3432,negative,negative,negative,negative,negative,negative,negative
sentiment,3456,negative,negative,negative,negative,negative,negative,negative
sentiment,3483,neutral,positive,positive,positive,positive,positive,positive
sentiment,3527,neutral,negative,negative,negative,negative,negative,negative
sentiment,3582,neutral,neutral,neutral,neutral,neutral,neutral,neutral
sentiment,3593,positive,neutral,neutral,neutral,positive,positive,positive
sentiment,3598,negative,negative,negative,negative,negative,negative,negative
sentiment,3611,neutral,positive,positive,positive,neutral,positive,neutral
sentiment,3657,negative,negative,negative,negative,negative,negative,negative
sentiment,3733,negative,negative,negative,negative,negative,negative,negative
sentiment,3752,neutral,negative,negative,negative,neutral,negative,negative
sentiment,3811,neutral,negative,negative,negative,neutral,neutral,neutral
sentiment,3814,negative,negative,negative,negative,neutral,negative,neutral
sentiment,3923,negative,negative,negative,negative,neutral,negative,neutral
sentiment,3946,neutral,negative,negative,negative,neutral,negative,negative
sentiment,4010,neutral,negative,negative,negative,negative,negative,negative
sentiment,4012,neutral,negative,negative,negative,negative,negative,negative
sentiment,4040,neutral,neutral,neutral,neutral,neutral,neutral,neutral
sentiment,4119,negative,negative,negative,negative,negative,negative,negative
sentiment,4304,neutral,positive,positive,positive,positive,positive,positive
sentiment,4315,negative,positive,positive,positive,positive,positive,positive
sentiment,4333,negative,negative,negative,negative,neutral,negative,negative
sentiment,4339,neutral,positive,negative,positive,neutral,negative,negative
sentiment,4371,neutral,neutral,neutral,neutral,neutral,neutral,neutral
sentiment,4374,positive,positive,positive,positive,positive,positive,positive
sentiment,4386,positive,positive,positive,positive,positive,positive,positive
sentiment,4422,neutral,neutral,neutral,neutral,neutral,neutral,neutral
sentiment,4506,neutral,neutral,neutral,neutral,neutral,positive,neutral
sentiment,4552,negative,negative,negative,negative,negative,negative,negative
sentiment,4554,neutral,positive,negative,positive,neutral,positive,positive
sentiment,4557,negative,negative,negative,negative,negative,negative,negative
sentiment,4741,neutral,neutral,negative,neutral,neutral,neutral,neutral
sentiment,4803,neutral,negative,negative,negative,neutral,neutral,neutral
sentiment,4808,negative,negative,negative,negative,negative,negative,negative
sentiment,4889,neutral,neutral,neutral,neutral,neutral,positive,neutral
sentiment,5038,neutral,positive,negative,negative,negative,negative,negative
sentiment,5155,positive,positive,positive,positive,positive,positive,positive
sentiment,5168,neutral,positive,neutral,neutral,neutral,neutral,neutral
sentiment,5310,positive,neutral,neutral,neutral,neutral,positive,neutral
sentiment,5313,negative,negative,negative,negative,negative,negative,negative
sentiment,5514,positive,neutral,neutral,positive,positive,positive,positive
sentiment,5573,neutral,negative,negative,negative,negative,negative,negative
sentiment,5574,neutral,positive,positive,positive,positive,positive,positive
sentiment,5635,neutral,negative,negative,positive,neutral,negative,neutral
sentiment,5820,neutral,neutral,neutral,negative,neutral,neutral,neutral
sentiment,5881,neutral,positive,negative,positive,positive,positive,positive
sentiment,5925,neutral,negative,negative,negative,neutral,negative,negative
sentiment,5930,positive,positive,neutral,positive,neutral,positive,neutral
sentiment,5947,negative,negative,negative,negative,negative,negative,negative
sentiment,5977,negative,negative,negative,negative,negative,negative,negative
sentiment,6065,negative,negative,negative,negative,negative,negative,negative
sentiment,6126,neutral,neutral,neutral,neutral,neutral,neutral,neutral
sentiment,6201,neutral,positive,neutral,positive,positive,positive,positive
sentiment,6216,negative,neutral,negative,negative,positive,positive,negative
sentiment,6224,negative,negative,negative,negative,negative,negative,negative
sentiment,6227,negative,neutral,negative,negative,neutral,negative,negative
sentiment,6252,positive,neutral,neutral,neutral,neutral,negative,negative
sentiment,6304,negative,negative,negative,negative,negative,negative,negative
sentiment,6482,negative,positive,positive,positive,neutral,positive,positive
sentiment,6543,negative,negative,negative,negative,negative,negative,negative
sentiment,6572,neutral,positive,positive,positive,positive,positive,positive
sentiment,6873,neutral,neutral,neutral,neutral,neutral,neutral,neutral
sentiment,6912,neutral,negative,negative,negative,neutral,negative,negative
sentiment,6916,positive,positive,positive,neutral,positive,positive,positive
sentiment,6924,neutral,positive,neutral,neutral,positive,positive,neutral
sentiment,7019,neutral,neutral,neutral,neutral,positive,positive,neutral
sentiment,7123,negative,neutral,neutral,neutral,neutral,neutral,neutral
sentiment,7359,negative,negative,negative,negative,negative,negative,negative
sentiment,7428,neutral,negative,negative,negative,negative,negative,negative
sentiment,7433,neutral,positive,positive,positive,positive,positive,positive
sentiment,7517,negative,negative,negative,negative,negative,negative,negative
sentiment,7527,negative,negative,negative,negative,neutral,negative,negative
sentiment,7573,neutral,negative,negative,negative,negative,negative,negative
sentiment,7668,neutral,negative,negative,negative,neutral,negative,neutral
sentiment,8005,neutral,negative,negative,neutral,neutral,negative,negative
sentiment,8085,neutral,neutral,neutral,neutral,neutral,neutral,neutral
sentiment,8179,negative,negative,negative,negative,negative,negative,negative
sentiment,8201,neutral,neutral,neutral,neutral,neutral,positive,neutral
sentiment,8279,neutral,neutral,neutral,positive,neutral,positive,neutral
sentiment,8317,neutral,negative,neutral,neutral,neutral,negative,neutral
sentiment,8348,neutral,negative,negative,negative,negative,negative,negative
sentiment,8669,negative,negative,negative,negative,neutral,negative,negative
sentiment,8689,positive,positive,positive,positive,positive,positive,positive
sentiment,8751,negative,negative,negative,negative,negative,negative,negative
sentiment,8785,negative,negative,negative,negative,neutral,negative,negative
sentiment,8797,neutral,neutral,neutral,negative,neutral,negative,neutral
sentiment,8830,neutral,neutral,neutral,positive,positive,positive,positive
sentiment,8837,neutral,neutral,neutral,neutral,neutral,neutral,neutral
sentiment,8928,neutral,negative,negative,negative,negative,negative,negative
sentiment,8935,neutral,neutral,neutral,negative,neutral,neutral,neutral
sentiment,9044,positive,neutral,neutral,positive,positive,positive,positive
sentiment,9064,neutral,negative,negative,negative,negative,negative,negative
sentiment,9125,neutral,negative,negative,negative,negative,negative,negative
sentiment,9195,negative,negative,negative,negative,negative,negative,negative
sentiment,9197,neutral,negative,negative,negative,neutral,negative,neutral
sentiment,9292,negative,negative,negative,negative,negative,negative,negative
sentiment,9459,negative,negative,negative,negative,negative,negative,negative
sentiment,9560,positive,negative,negative,negative,negative,negative,negative
sentiment,9577,positive,positive,positive,positive,positive,positive,positive
sentiment,9654,negative,negative,negative,negative,negative,negative,negative
sentiment,9674,neutral,neutral,neutral,neutral,neutral,positive,neutral
sentiment,9763,neutral,neutral,neutral,negative,neutral,neutral,negative
sentiment,9771,neutral,positive,positive,positive,positive,positive,positive
sentiment,9813,neutral,neutral,neutral,neutral,neutral,neutral,neutral
sentiment,9863,neutral,negative,negative,negative,neutral,negative,positive
sentiment,9891,positive,positive,positive,positive,positive,positive,positive
sentiment,9977,negative,negative,negative,negative,negative,negative,negative
sentiment,9980,positive,positive,positive,positive,positive,positive,positive
sentiment,10133,negative,negative,negative,negative,negative,negative,negative
sentiment,10244,negative,negative,negative,negative,negative,negative,negative
sentiment,10280,neutral,positive,positive,positive,positive,positive,positive
sentiment,10299,negative,negative,negative,negative,negative,negative,negative
sentiment,10403,neutral,negative,negative,negative,neutral,negative,neutral
sentiment,10415,negative,negative,negative,negative,negative,negative,negative
sentiment,10468,negative,positive,negative,negative,positive,negative,negative
sentiment,10476,positive,positive,positive,positive,positive,positive,positive
sentiment,10485,negative,negative,negative,negative,positive,positive,negative
sentiment,10501,negative,negative,negative,negative,negative,negative,negative
sentiment,10532,neutral,negative,negative,negative,neutral,negative,neutral
sentiment,10617,neutral,neutral,neutral,neutral,neutral,neutral,neutral
sentiment,10647,negative,positive,positive,positive,positive,positive,positive
sentiment,10738,negative,negative,negative,negative,negative,negative,negative
sentiment,10834,neutral,neutral,neutral,neutral,neutral,negative,neutral
sentiment,10980,positive,positive,positive,positive,positive,positive,positive
sentiment,11087,negative,negative,negative,negative,negative,negative,negative
sentiment,11145,negative,negative,negative,negative,negative,negative,negative
sentiment,11149,positive,positive,neutral,neutral,positive,positive,positive
sentiment,11169,positive,negative,negative,negative,positive,positive,positive
sentiment,11199,positive,positive,positive,positive,positive,positive,positive
sentiment,11216,neutral,neutral,neutral,neutral,neutral,neutral,neutral
sentiment,11274,neutral,neutral,neutral,neutral,neutral,positive,neutral
sentiment,11438,negative,negative,negative,negative,negative,negative,negative
sentiment,11490,negative,negative,negative,negative,negative,negative,negative
sentiment,11498,negative,negative,negative,negative,negative,negative,negative
sentiment,11543,positive,neutral,neutral,neutral,neutral,neutral,neutral
sentiment,11731,negative,negative,negative,negative,negative,negative,negative
sentiment,11762,negative,neutral,negative,negative,negative,negative,negative
sentiment,11791,negative,negative,negative,negative,negative,negative,negative
sentiment,11808,negative,negative,negative,negative,negative,negative,negative
sentiment,11830,negative,negative,negative,negative,negative,negative,negative
sentiment,11946,neutral,negative,negative,negative,negative,negative,negative
sentiment,11955,positive,positive,positive,positive,positive,positive,positive
sentiment,12066,neutral,negative,negative,negative,neutral,negative,negative
sentiment,12135,positive,positive,positive,positive,positive,positive,positive
sentiment,12149,negative,negative,negative,negative,neutral,negative,negative
sentiment,12205,negative,negative,negative,negative,negative,negative,negative
sentiment,12239,neutral,negative,negative,negative,negative,negative,negative
stance_climate,0,none,none,none,none,none,none,none
stance_climate,1,favor,against,against,none,against,against,none
stance_climate,2,favor,against,none,favor,favor,favor,favor
stance_climate,3,none,none,none,none,none,none,none
stance_climate,4,favor,none,none,none,favor,favor,favor
stance_climate,5,favor,favor,favor,favor,favor,favor,favor
stance_climate,6,favor,favor,favor,none,favor,favor,favor
stance_climate,7,favor,favor,favor,favor,favor,favor,favor
stance_climate,8,none,none,none,none,none,none,none
stance_climate,9,favor,none,none,none,favor,none,favor
stance_climate,10,favor,none,none,none,favor,none,favor
stance_climate,11,none,none,none,none,none,none,none
stance_climate,12,favor,none,none,none,favor,favor,favor
stance_climate,13,favor,favor,favor,favor,favor,favor,favor
stance_climate,14,none,none,none,none,none,none,none
stance_climate,15,favor,favor,none,favor,favor,favor,favor
stance_climate,16,favor,against,against,against,favor,favor,favor
stance_climate,17,favor,favor,favor,favor,favor,favor,favor
stance_climate,18,favor,none,none,none,favor,none,favor
stance_climate,19,none,none,none,none,none,none,none
stance_climate,20,favor,favor,favor,none,favor,favor,favor
stance_climate,21,favor,favor,favor,favor,favor,favor,favor
stance_climate,22,favor,none,favor,none,favor,favor,favor
stance_climate,23,favor,none,none,none,none,favor,none
stance_climate,24,favor,favor,favor,favor,favor,favor,favor
stance_climate,25,favor,favor,none,none,favor,favor,favor
stance_climate,26,favor,favor,favor,favor,favor,favor,favor
stance_climate,27,favor,favor,favor,favor,favor,favor,favor
stance_climate,28,favor,none,none,none,none,none,favor
stance_climate,29,none,against,against,favor,favor,favor,favor
stance_climate,30,favor,favor,favor,none,favor,none,favor
stance_climate,31,none,none,none,none,none,none,none
stance_climate,32,favor,favor,favor,none,favor,favor,favor
stance_climate,33,favor,none,none,none,favor,favor,favor
stance_climate,34,favor,none,against,none,none,favor,none
stance_climate,35,favor,against,against,none,none,none,favor
stance_climate,36,favor,none,none,none,favor,favor,favor
stance_climate,37,favor,favor,favor,favor,favor,favor,favor
stance_climate,38,none,none,none,none,none,none,none
stance_climate,39,favor,favor,favor,favor,favor,favor,favor
stance_climate,40,favor,against,none,none,none,none,none
stance_climate,41,favor,favor,favor,favor,favor,favor,favor
stance_climate,42,none,none,none,none,favor,favor,favor
stance_climate,43,favor,against,against,against,favor,favor,favor
stance_climate,44,favor,against,favor,favor,favor,favor,favor
stance_climate,45,favor,against,against,favor,favor,favor,favor
stance_climate,46,none,none,none,none,none,none,none
stance_climate,47,favor,favor,favor,favor,favor,favor,favor
stance_climate,48,favor,against,against,none,favor,favor,favor
stance_climate,49,none,none,none,none,favor,favor,favor
stance_climate,50,none,against,against,none,against,against,none
stance_climate,51,favor,favor,against,none,favor,favor,favor
stance_climate,52,favor,none,none,none,none,none,none
stance_climate,53,favor,favor,favor,favor,favor,favor,favor
stance_climate,54,favor,none,favor,none,favor,favor,favor
stance_climate,55,none,none,none,none,none,none,none
stance_climate,56,favor,none,favor,favor,favor,favor,favor
stance_climate,57,favor,none,none,none,none,none,none
stance_climate,58,none,none,none,none,none,none,none
stance_climate,59,favor,none,none,none,none,none,favor
stance_climate,60,favor,none,favor,none,favor,none,favor
stance_climate,61,favor,favor,favor,favor,favor,favor,favor
stance_climate,62,favor,none,none,none,none,favor,favor
stance_climate,63,favor,none,none,none,none,none,favor
stance_climate,64,favor,none,none,none,none,favor,favor
stance_climate,65,favor,none,none,none,none,none,none
stance_climate,66,favor,favor,favor,none,favor,favor,favor
stance_climate,67,favor,favor,favor,none,favor,favor,favor
stance_climate,68,favor,against,none,none,against,favor,favor
stance_climate,69,favor,favor,favor,favor,favor,favor,favor
stance_climate,70,none,none,none,none,none,none,none
stance_climate,71,favor,favor,none,favor,favor,favor,favor
stance_climate,72,favor,none,favor,favor,favor,favor,favor
stance_climate,73,favor,against,against,none,against,against,against
stance_climate,74,favor,none,none,none,favor,favor,favor
stance_climate,75,favor,none,none,none,favor,favor,favor
stance_climate,76,favor,none,none,none,favor,favor,favor
stance_climate,77,favor,against,against,against,favor,favor,favor
stance_climate,78,favor,none,none,none,favor,favor,favor
stance_climate,79,none,none,none,none,none,none,none
stance_climate,80,favor,against,none,none,favor,favor,favor
stance_climate,81,favor,none,none,none,none,favor,favor
stance_climate,82,favor,favor,favor,none,favor,favor,favor
stance_climate,83,favor,none,none,none,against,none,none
stance_climate,84,favor,against,favor,none,favor,favor,favor
stance_climate,85,favor,against,none,none,favor,favor,favor
stance_climate,86,none,none,none,none,none,none,none
stance_climate,87,favor,against,favor,favor,favor,favor,favor
stance_climate,88,favor,favor,favor,favor,favor,favor,favor
stance_climate,89,favor,none,none,none,none,none,none
stance_climate,90,favor,none,none,none,favor,favor,favor
stance_climate,91,favor,none,favor,none,favor,favor,favor
stance_climate,92,none,none,none,none,none,none,none
stance_climate,93,favor,favor,favor,favor,favor,favor,favor
stance_climate,94,favor,favor,favor,favor,favor,favor,favor
stance_climate,95,favor,against,against,favor,favor,favor,favor
stance_climate,96,favor,none,none,none,none,none,none
stance_climate,97,favor,favor,favor,favor,favor,favor,favor
stance_climate,98,none,none,none,none,none,none,none
stance_climate,99,against,against,none,none,against,against,against
stance_climate,100,favor,against,against,against,against,favor,favor
stance_climate,101,favor,favor,favor,favor,favor,favor,favor
stance_climate,102,none,none,none,none,none,none,none
stance_climate,103,favor,favor,favor,favor,favor,favor,favor
stance_climate,104,favor,none,none,none,favor,none,favor
stance_climate,105,favor,against,favor,favor,favor,favor,favor
stance_climate,106,favor,none,none,none,favor,favor,favor
stance_climate,107,favor,none,none,none,favor,favor,favor
stance_climate,108,favor,favor,favor,favor,favor,favor,favor
stance_climate,109,against,against,against,against,against,against,against
stance_climate,110,none,none,none,none,none,none,none
stance_climate,111,none,none,none,none,none,none,none
stance_climate,112,favor,against,none,none,favor,favor,favor
stance_climate,113,none,none,none,none,none,none,none
stance_climate,114,none,none,none,none,none,none,none
stance_climate,115,favor,favor,favor,favor,favor,favor,favor
stance_climate,116,favor,against,none,none,none,none,none
stance_climate,117,none,none,none,none,none,none,none
stance_climate,118,none,against,against,none,favor,favor,favor
stance_climate,119,favor,favor,favor,favor,none,none,favor
stance_climate,120,against,against,against,against,against,against,against
stance_climate,121,favor,favor,favor,favor,favor,favor,favor
stance_climate,122,none,none,none,none,none,none,none
stance_climate,123,favor,none,none,none,favor,favor,favor
stance_climate,124,favor,against,none,none,none,against,favor
stance_climate,125,favor,none,none,none,none,none,none
stance_climate,126,favor,favor,favor,favor,favor,favor,favor
stance_climate,127,against,against,against,against,against,against,against
stance_climate,128,favor,against,against,none,none,none,none
stance_climate,129,favor,favor,none,none,favor,favor,favor
stance_climate,130,favor,none,none,none,favor,favor,favor
stance_climate,131,favor,favor,favor,favor,favor,favor,favor
stance_climate,132,none,against,favor,none,none,none,none
stance_climate,133,favor,none,favor,none,favor,favor,favor
stance_climate,134,favor,none,none,none,favor,favor,favor
stance_climate,135,none,against,none,none,favor,favor,none
stance_climate,136,against,against,against,none,against,against,against
stance_climate,137,favor,favor,none,none,favor,favor,favor
stance_climate,138,favor,none,favor,none,none,none,none
stance_climate,139,favor,favor,favor,favor,favor,favor,favor
stance_climate,140,favor,favor,none,none,favor,favor,favor
stance_climate,141,favor,none,none,none,favor,favor,favor
stance_climate,142,favor,favor,favor,favor,favor,favor,favor
stance_climate,143,favor,favor,favor,favor,favor,favor,favor
stance_climate,144,favor,favor,favor,favor,favor,favor,favor
stance_climate,145,against,against,against,against,against,against,against
stance_climate,146,against,against,against,against,against,against,against
stance_climate,147,against,against,against,against,against,against,against
stance_climate,148,favor,favor,favor,favor,favor,favor,favor
stance_climate,149,against,against,against,none,against,against,against
stance_climate,150,favor,favor,none,none,favor,favor,none
stance_climate,151,against,against,against,against,against,against,against
stance_climate,152,favor,favor,none,none,favor,favor,favor
stance_climate,153,favor,against,against,favor,favor,favor,favor
stance_climate,154,favor,favor,favor,favor,favor,favor,favor
stance_climate,155,none,none,none,none,none,none,none
stance_climate,156,favor,none,none,none,favor,favor,favor
stance_climate,157,against,against,against,against,against,against,against
stance_climate,158,favor,favor,favor,favor,favor,favor,favor
stance_climate,159,favor,favor,none,favor,favor,favor,favor
stance_climate,160,favor,none,none,none,none,none,none
stance_climate,161,none,none,none,none,none,none,none
stance_climate,162,none,against,favor,none,against,against,none
stance_climate,163,none,against,none,none,none,against,none
stance_climate,164,none,none,none,none,none,none,none
stance_climate,165,favor,favor,favor,none,favor,favor,favor
stance_climate,166,favor,favor,none,favor,favor,favor,favor
stance_climate,167,favor,favor,favor,favor,favor,favor,favor
stance_climate,168,favor,favor,favor,favor,favor,favor,favor
