task,model,prompt_1,prompt_2,n,acc_1,acc_2,diff_pts,only1_right,only2_right,p_raw,p_holm,sig_holm_.05,sig_bonferroni_.05
hate_speech,Llama 3.3 70B,A_simple,B_role,200,0.715,0.715,0.0,5,5,1.0,1.0,False,False
hate_speech,Llama 3.3 70B,A_simple,C_codebook,200,0.715,0.735,-2.0000000000000018,11,15,0.557197093963623,1.0,False,False
hate_speech,Llama 3.3 70B,B_role,C_codebook,200,0.715,0.735,-2.0000000000000018,12,16,0.5715881884098053,1.0,False,False
hate_speech,Llama 3.1 8B,A_simple,B_role,200,0.68,0.735,-5.499999999999994,15,26,0.11727520595741225,1.0,False,False
hate_speech,Llama 3.1 8B,A_simple,C_codebook,200,0.68,0.73,-4.999999999999993,6,16,0.052478790283203125,0.7347030639648438,False,False
hate_speech,Llama 3.1 8B,B_role,C_codebook,200,0.735,0.73,0.5000000000000004,13,12,1.0,1.0,False,False
sentiment,Llama 3.3 70B,A_simple,B_role,200,0.67,0.585,8.500000000000007,31,14,0.016094360031274842,0.24141540046912263,False,False
sentiment,Llama 3.3 70B,A_simple,C_codebook,200,0.67,0.695,-2.499999999999991,12,17,0.45825831964612007,1.0,False,False
sentiment,Llama 3.3 70B,B_role,C_codebook,200,0.585,0.695,-10.999999999999998,5,27,0.00011307420209050179,0.002035335637629032,True,True
sentiment,Llama 3.1 8B,A_simple,B_role,200,0.6,0.63,-3.0000000000000027,5,11,0.210113525390625,1.0,False,False
sentiment,Llama 3.1 8B,A_simple,C_codebook,200,0.6,0.63,-3.0000000000000027,10,16,0.32693958282470703,1.0,False,False
sentiment,Llama 3.1 8B,B_role,C_codebook,200,0.63,0.63,0.0,11,11,1.0,1.0,False,False
stance_climate,Llama 3.3 70B,A_simple,B_role,169,0.7988165680473372,0.7988165680473372,0.0,7,7,1.0,1.0,False,False
stance_climate,Llama 3.3 70B,A_simple,C_codebook,169,0.7988165680473372,0.8757396449704142,-7.692307692307699,1,14,0.0009765625,0.0166015625,True,True
stance_climate,Llama 3.3 70B,B_role,C_codebook,169,0.7988165680473372,0.8757396449704142,-7.692307692307699,3,16,0.004425048828125,0.07080078125,False,False
stance_climate,Llama 3.1 8B,A_simple,B_role,169,0.5562130177514792,0.5680473372781065,-1.183431952662728,12,14,0.8450189828872681,1.0,False,False
stance_climate,Llama 3.1 8B,A_simple,C_codebook,169,0.5562130177514792,0.5384615384615384,1.7751479289940808,18,15,0.7283324808813632,1.0,False,False
stance_climate,Llama 3.1 8B,B_role,C_codebook,169,0.5680473372781065,0.5384615384615384,2.9585798816568087,17,12,0.45825831964612007,1.0,False,False
