task,tweet_id,gold_label
hate_speech,8,not_hateful
hate_speech,29,not_hateful
hate_speech,32,hateful
hate_speech,38,hateful
hate_speech,60,not_hateful
hate_speech,86,hateful
hate_speech,128,not_hateful
hate_speech,162,hateful
hate_speech,205,hateful
hate_speech,207,not_hateful
hate_speech,221,hateful
hate_speech,232,not_hateful
hate_speech,234,not_hateful
hate_speech,239,not_hateful
hate_speech,240,not_hateful
hate_speech,241,not_hateful
hate_speech,248,hateful
hate_speech,249,hateful
hate_speech,262,not_hateful
hate_speech,276,not_hateful
hate_speech,278,hateful
hate_speech,280,not_hateful
hate_speech,281,hateful
hate_speech,283,not_hateful
hate_speech,290,hateful
hate_speech,297,not_hateful
hate_speech,300,hateful
hate_speech,308,hateful
hate_speech,322,not_hateful
hate_speech,328,not_hateful
hate_speech,335,not_hateful
hate_speech,350,hateful
hate_speech,382,hateful
hate_speech,386,hateful
hate_speech,397,hateful
hate_speech,401,hateful
hate_speech,403,hateful
hate_speech,409,hateful
hate_speech,447,not_hateful
hate_speech,491,hateful
hate_speech,495,hateful
hate_speech,515,hateful
hate_speech,525,hateful
hate_speech,536,not_hateful
hate_speech,541,hateful
hate_speech,542,not_hateful
hate_speech,574,hateful
hate_speech,634,not_hateful
hate_speech,644,hateful
hate_speech,646,hateful
hate_speech,674,hateful
hate_speech,676,hateful
hate_speech,681,not_hateful
hate_speech,751,hateful
hate_speech,761,not_hateful
hate_speech,777,not_hateful
hate_speech,779,hateful
hate_speech,784,not_hateful
hate_speech,823,hateful
hate_speech,836,not_hateful
hate_speech,867,not_hateful
hate_speech,873,not_hateful
hate_speech,875,hateful
hate_speech,877,hateful
hate_speech,891,not_hateful
hate_speech,902,hateful
hate_speech,920,not_hateful
hate_speech,937,hateful
hate_speech,942,not_hateful
hate_speech,963,hateful
hate_speech,968,not_hateful
hate_speech,974,not_hateful
hate_speech,977,not_hateful
hate_speech,995,hateful
hate_speech,1000,not_hateful
hate_speech,1008,hateful
hate_speech,1015,hateful
hate_speech,1018,hateful
hate_speech,1023,hateful
hate_speech,1068,not_hateful
hate_speech,1085,hateful
hate_speech,1086,hateful
hate_speech,1087,not_hateful
hate_speech,1140,not_hateful
hate_speech,1167,not_hateful
hate_speech,1168,not_hateful
hate_speech,1215,not_hateful
hate_speech,1226,hateful
hate_speech,1228,hateful
hate_speech,1239,hateful
hate_speech,1276,not_hateful
hate_speech,1284,not_hateful
hate_speech,1286,not_hateful
hate_speech,1295,not_hateful
hate_speech,1353,not_hateful
hate_speech,1384,not_hateful
hate_speech,1389,hateful
hate_speech,1429,not_hateful
hate_speech,1451,hateful
hate_speech,1513,not_hateful
hate_speech,1529,not_hateful
hate_speech,1552,not_hateful
hate_speech,1599,hateful
hate_speech,1621,not_hateful
hate_speech,1634,hateful
hate_speech,1642,not_hateful
hate_speech,1649,not_hateful
hate_speech,1653,hateful
hate_speech,1664,hateful
hate_speech,1667,not_hateful
hate_speech,1683,hateful
hate_speech,1717,not_hateful
hate_speech,1728,hateful
hate_speech,1732,hateful
hate_speech,1733,not_hateful
hate_speech,1734,not_hateful
hate_speech,1765,not_hateful
hate_speech,1794,not_hateful
hate_speech,1815,not_hateful
hate_speech,1837,hateful
hate_speech,1849,hateful
hate_speech,1863,hateful
hate_speech,1872,hateful
hate_speech,1877,hateful
hate_speech,1894,not_hateful
hate_speech,1912,not_hateful
hate_speech,1936,not_hateful
hate_speech,1937,not_hateful
hate_speech,1946,not_hateful
hate_speech,1952,hateful
hate_speech,1971,not_hateful
hate_speech,1988,not_hateful
hate_speech,1989,not_hateful
hate_speech,1990,hateful
hate_speech,1993,hateful
hate_speech,2059,not_hateful
hate_speech,2072,not_hateful
hate_speech,2080,hateful
hate_speech,2105,not_hateful
hate_speech,2119,hateful
hate_speech,2141,not_hateful
hate_speech,2161,not_hateful
hate_speech,2166,not_hateful
hate_speech,2175,hateful
hate_speech,2181,not_hateful
hate_speech,2196,not_hateful
hate_speech,2202,not_hateful
hate_speech,2208,not_hateful
hate_speech,2214,hateful
hate_speech,2220,hateful
hate_speech,2225,hateful
hate_speech,2251,not_hateful
hate_speech,2254,not_hateful
hate_speech,2268,hateful
hate_speech,2271,hateful
hate_speech,2276,not_hateful
hate_speech,2306,hateful
hate_speech,2315,hateful
hate_speech,2323,hateful
hate_speech,2333,not_hateful
hate_speech,2338,hateful
hate_speech,2360,not_hateful
hate_speech,2371,not_hateful
hate_speech,2372,not_hateful
hate_speech,2390,hateful
hate_speech,2392,not_hateful
hate_speech,2409,not_hateful
hate_speech,2410,not_hateful
hate_speech,2435,not_hateful
hate_speech,2437,not_hateful
hate_speech,2484,hateful
hate_speech,2505,not_hateful
hate_speech,2536,not_hateful
hate_speech,2544,not_hateful
hate_speech,2584,not_hateful
hate_speech,2643,not_hateful
hate_speech,2646,not_hateful
hate_speech,2661,not_hateful
hate_speech,2671,hateful
hate_speech,2676,not_hateful
hate_speech,2678,hateful
hate_speech,2692,hateful
hate_speech,2699,not_hateful
hate_speech,2702,hateful
hate_speech,2711,hateful
hate_speech,2717,not_hateful
hate_speech,2735,not_hateful
hate_speech,2740,not_hateful
hate_speech,2743,not_hateful
hate_speech,2751,not_hateful
hate_speech,2758,hateful
hate_speech,2765,not_hateful
hate_speech,2825,not_hateful
hate_speech,2853,hateful
hate_speech,2881,not_hateful
hate_speech,2899,not_hateful
hate_speech,2920,hateful
hate_speech,2933,not_hateful
hate_speech,2942,not_hateful
hate_speech,2962,not_hateful
sentiment,9,negative
sentiment,53,negative
sentiment,106,neutral
sentiment,188,neutral
sentiment,319,negative
sentiment,409,positive
sentiment,434,positive
sentiment,488,negative
sentiment,520,negative
sentiment,525,positive
sentiment,711,neutral
sentiment,750,neutral
sentiment,771,negative
sentiment,916,negative
sentiment,949,positive
sentiment,1040,neutral
sentiment,1084,negative
sentiment,1139,neutral
sentiment,1169,negative
sentiment,1291,positive
sentiment,1307,neutral
sentiment,1424,neutral
sentiment,1489,negative
sentiment,1519,neutral
sentiment,1535,neutral
sentiment,1584,neutral
sentiment,1654,positive
sentiment,1674,neutral
sentiment,1679,neutral
sentiment,1743,neutral
sentiment,1796,neutral
sentiment,1824,neutral
sentiment,1827,neutral
sentiment,1832,neutral
sentiment,1876,neutral
sentiment,2045,neutral
sentiment,2266,negative
sentiment,2286,negative
sentiment,2287,negative
sentiment,2340,negative
sentiment,2504,negative
sentiment,2547,positive
sentiment,2591,neutral
sentiment,2615,positive
sentiment,2621,neutral
sentiment,2646,neutral
sentiment,2664,positive
sentiment,2677,negative
sentiment,2803,neutral
sentiment,2927,neutral
sentiment,3150,neutral
sentiment,3257,neutral
sentiment,3258,negative
sentiment,3432,negative
sentiment,3456,negative
sentiment,3483,neutral
sentiment,3527,neutral
sentiment,3582,neutral
sentiment,3593,positive
sentiment,3598,negative
sentiment,3611,neutral
sentiment,3657,negative
sentiment,3733,negative
sentiment,3752,neutral
sentiment,3811,neutral
sentiment,3814,negative
sentiment,3923,negative
sentiment,3946,neutral
sentiment,4010,neutral
sentiment,4012,neutral
sentiment,4040,neutral
sentiment,4119,negative
sentiment,4304,neutral
sentiment,4315,negative
sentiment,4333,negative
sentiment,4339,neutral
sentiment,4371,neutral
sentiment,4374,positive
sentiment,4386,positive
sentiment,4422,neutral
sentiment,4506,neutral
sentiment,4552,negative
sentiment,4554,neutral
sentiment,4557,negative
sentiment,4741,neutral
sentiment,4803,neutral
sentiment,4808,negative
sentiment,4889,neutral
sentiment,5038,neutral
sentiment,5155,positive
sentiment,5168,neutral
sentiment,5310,positive
sentiment,5313,negative
sentiment,5514,positive
sentiment,5573,neutral
sentiment,5574,neutral
sentiment,5635,neutral
sentiment,5820,neutral
sentiment,5881,neutral
sentiment,5925,neutral
sentiment,5930,positive
sentiment,5947,negative
sentiment,5977,negative
sentiment,6065,negative
sentiment,6126,neutral
sentiment,6201,neutral
sentiment,6216,negative
sentiment,6224,negative
sentiment,6227,negative
sentiment,6252,positive
sentiment,6304,negative
sentiment,6482,negative
sentiment,6543,negative
sentiment,6572,neutral
sentiment,6873,neutral
sentiment,6912,neutral
sentiment,6916,positive
sentiment,6924,neutral
sentiment,7019,neutral
sentiment,7123,negative
sentiment,7359,negative
sentiment,7428,neutral
sentiment,7433,neutral
sentiment,7517,negative
sentiment,7527,negative
sentiment,7573,neutral
sentiment,7668,neutral
sentiment,8005,neutral
sentiment,8085,neutral
sentiment,8179,negative
sentiment,8201,neutral
sentiment,8279,neutral
sentiment,8317,neutral
sentiment,8348,neutral
sentiment,8669,negative
sentiment,8689,positive
sentiment,8751,negative
sentiment,8785,negative
sentiment,8797,neutral
sentiment,8830,neutral
sentiment,8837,neutral
sentiment,8928,neutral
sentiment,8935,neutral
sentiment,9044,positive
sentiment,9064,neutral
sentiment,9125,neutral
sentiment,9195,negative
sentiment,9197,neutral
sentiment,9292,negative
sentiment,9459,negative
sentiment,9560,positive
sentiment,9577,positive
sentiment,9654,negative
sentiment,9674,neutral
sentiment,9763,neutral
sentiment,9771,neutral
sentiment,9813,neutral
sentiment,9863,neutral
sentiment,9891,positive
sentiment,9977,negative
sentiment,9980,positive
sentiment,10133,negative
sentiment,10244,negative
sentiment,10280,neutral
sentiment,10299,negative
sentiment,10403,neutral
sentiment,10415,negative
sentiment,10468,negative
sentiment,10476,positive
sentiment,10485,negative
sentiment,10501,negative
sentiment,10532,neutral
sentiment,10617,neutral
sentiment,10647,negative
sentiment,10738,negative
sentiment,10834,neutral
sentiment,10980,positive
sentiment,11087,negative
sentiment,11145,negative
sentiment,11149,positive
sentiment,11169,positive
sentiment,11199,positive
sentiment,11216,neutral
sentiment,11274,neutral
sentiment,11438,negative
sentiment,11490,negative
sentiment,11498,negative
sentiment,11543,positive
sentiment,11731,negative
sentiment,11762,negative
sentiment,11791,negative
sentiment,11808,negative
sentiment,11830,negative
sentiment,11946,neutral
sentiment,11955,positive
sentiment,12066,neutral
sentiment,12135,positive
sentiment,12149,negative
sentiment,12205,negative
sentiment,12239,neutral
stance_climate,0,none
stance_climate,1,favor
stance_climate,2,favor
stance_climate,3,none
stance_climate,4,favor
stance_climate,5,favor
stance_climate,6,favor
stance_climate,7,favor
stance_climate,8,none
stance_climate,9,favor
stance_climate,10,favor
stance_climate,11,none
stance_climate,12,favor
stance_climate,13,favor
stance_climate,14,none
stance_climate,15,favor
stance_climate,16,favor
stance_climate,17,favor
stance_climate,18,favor
stance_climate,19,none
stance_climate,20,favor
stance_climate,21,favor
stance_climate,22,favor
stance_climate,23,favor
stance_climate,24,favor
stance_climate,25,favor
stance_climate,26,favor
stance_climate,27,favor
stance_climate,28,favor
stance_climate,29,none
stance_climate,30,favor
stance_climate,31,none
stance_climate,32,favor
stance_climate,33,favor
stance_climate,34,favor
stance_climate,35,favor
stance_climate,36,favor
stance_climate,37,favor
stance_climate,38,none
stance_climate,39,favor
stance_climate,40,favor
stance_climate,41,favor
stance_climate,42,none
stance_climate,43,favor
stance_climate,44,favor
stance_climate,45,favor
stance_climate,46,none
stance_climate,47,favor
stance_climate,48,favor
stance_climate,49,none
stance_climate,50,none
stance_climate,51,favor
stance_climate,52,favor
stance_climate,53,favor
stance_climate,54,favor
stance_climate,55,none
stance_climate,56,favor
stance_climate,57,favor
stance_climate,58,none
stance_climate,59,favor
stance_climate,60,favor
stance_climate,61,favor
stance_climate,62,favor
stance_climate,63,favor
stance_climate,64,favor
stance_climate,65,favor
stance_climate,66,favor
stance_climate,67,favor
stance_climate,68,favor
stance_climate,69,favor
stance_climate,70,none
stance_climate,71,favor
stance_climate,72,favor
stance_climate,73,favor
stance_climate,74,favor
stance_climate,75,favor
stance_climate,76,favor
stance_climate,77,favor
stance_climate,78,favor
stance_climate,79,none
stance_climate,80,favor
stance_climate,81,favor
stance_climate,82,favor
stance_climate,83,favor
stance_climate,84,favor
stance_climate,85,favor
stance_climate,86,none
stance_climate,87,favor
stance_climate,88,favor
stance_climate,89,favor
stance_climate,90,favor
stance_climate,91,favor
stance_climate,92,none
stance_climate,93,favor
stance_climate,94,favor
stance_climate,95,favor
stance_climate,96,favor
stance_climate,97,favor
stance_climate,98,none
stance_climate,99,against
stance_climate,100,favor
stance_climate,101,favor
stance_climate,102,none
stance_climate,103,favor
stance_climate,104,favor
stance_climate,105,favor
stance_climate,106,favor
stance_climate,107,favor
stance_climate,108,favor
stance_climate,109,against
stance_climate,110,none
stance_climate,111,none
stance_climate,112,favor
stance_climate,113,none
stance_climate,114,none
stance_climate,115,favor
stance_climate,116,favor
stance_climate,117,none
stance_climate,118,none
stance_climate,119,favor
stance_climate,120,against
stance_climate,121,favor
stance_climate,122,none
stance_climate,123,favor
stance_climate,124,favor
stance_climate,125,favor
stance_climate,126,favor
stance_climate,127,against
stance_climate,128,favor
stance_climate,129,favor
stance_climate,130,favor
stance_climate,131,favor
stance_climate,132,none
stance_climate,133,favor
stance_climate,134,favor
stance_climate,135,none
stance_climate,136,against
stance_climate,137,favor
stance_climate,138,favor
stance_climate,139,favor
stance_climate,140,favor
stance_climate,141,favor
stance_climate,142,favor
stance_climate,143,favor
stance_climate,144,favor
stance_climate,145,against
stance_climate,146,against
stance_climate,147,against
stance_climate,148,favor
stance_climate,149,against
stance_climate,150,favor
stance_climate,151,against
stance_climate,152,favor
stance_climate,153,favor
stance_climate,154,favor
stance_climate,155,none
stance_climate,156,favor
stance_climate,157,against
stance_climate,158,favor
stance_climate,159,favor
stance_climate,160,favor
stance_climate,161,none
stance_climate,162,none
stance_climate,163,none
stance_climate,164,none
stance_climate,165,favor
stance_climate,166,favor
stance_climate,167,favor
stance_climate,168,favor
